names,
person_1,7
person_924176,13
person_367252,12
person_574326,14
person_166119,19
person_749482,16
person_777768,16
person_333370,22
person_178368,19
person_193234,24
person_361028,18
person_387506,20
person_696463,18
person_336041,21
person_453612,23
person_361165,18
person_995121,27
person_222741,25
person_201697,25
person_347074,29
person_929004,34
person_44775,27
person_814077,23
person_383163,23
person_368612,31
person_653945,23
person_909601,29
person_860386,21
person_929063,27
person_572539,24
person_700513,26
person_822784,21
person_799888,25
person_478351,23
person_708696,31
person_887087,33
person_152986,26
person_143195,33
person_413623,29
person_340408,30
person_696545,35
person_261112,28
person_293011,33
person_835915,26
person_828762,25
person_738778,28
person_366032,29
person_727759,31
person_421777,33
person_795070,28
person_954767,30
person_980692,27
person_646759,31
person_845382,32
person_566288,27
person_778909,31
person_887046,29
person_131418,31
person_394199,33
person_889297,32
person_983087,31
person_330147,33
person_23097,30
person_45797,33
person_143275,28
person_867496,32
person_414268,28
person_112271,32
person_473559,30
person_908551,32
person_329949,29
person_801256,34
person_844784,32
person_34312,29
person_524244,30
person_960713,32
person_544294,35
person_209627,35
person_958713,30
person_956787,35
person_658354,32
person_827697,31
person_452199,33
person_936626,34
person_265790,35
person_356312,33
person_499946,33
person_990732,34
person_645717,32
person_359198,34
person_440051,32
person_351123,34
person_220466,33
person_249204,35
person_150192,32
person_837816,33
person_55021,34
person_388660,34
person_728257,33
person_780447,34
